Nombre,Precio,Categoria,URL_Categoria
SOBRE BRAVO,No disponible,PAN DE PROTEINA,https://www.superbravo.com.do/pan-de-proteina/
BRAVISIMO CLUB,No disponible,PAN DE PROTEINA,https://www.superbravo.com.do/pan-de-proteina/
PRODUCTOS,No disponible,PAN DE PROTEINA,https://www.superbravo.com.do/pan-de-proteina/
PAN DE PROTEINA,No disponible,PAN DE PROTEINA,https://www.superbravo.com.do/pan-de-proteina/
BODEGA,No disponible,PAN DE PROTEINA,https://www.superbravo.com.do/pan-de-proteina/
ARTESANAL,No disponible,PAN DE PROTEINA,https://www.superbravo.com.do/pan-de-proteina/
PANES,No disponible,PAN DE PROTEINA,https://www.superbravo.com.do/pan-de-proteina/
DIETAS ESPECIALES,No disponible,PAN DE PROTEINA,https://www.superbravo.com.do/pan-de-proteina/
EXCLUSIVO,No disponible,PAN DE PROTEINA,https://www.superbravo.com.do/pan-de-proteina/
ELABORACIÓN PROPIA,No disponible,PAN DE PROTEINA,https://www.superbravo.com.do/pan-de-proteina/
RECETAS,No disponible,PAN DE PROTEINA,https://www.superbravo.com.do/pan-de-proteina/
COMIDAS TÍPICAS,No disponible,PAN DE PROTEINA,https://www.superbravo.com.do/pan-de-proteina/
CARNES,No disponible,PAN DE PROTEINA,https://www.superbravo.com.do/pan-de-proteina/
MARISCOS,No disponible,PAN DE PROTEINA,https://www.superbravo.com.do/pan-de-proteina/
PESCADO,No disponible,PAN DE PROTEINA,https://www.superbravo.com.do/pan-de-proteina/
PASTAS,No disponible,PAN DE PROTEINA,https://www.superbravo.com.do/pan-de-proteina/
SALADOS,No disponible,PAN DE PROTEINA,https://www.superbravo.com.do/pan-de-proteina/
VEGETALES,No disponible,PAN DE PROTEINA,https://www.superbravo.com.do/pan-de-proteina/
DULCES,No disponible,PAN DE PROTEINA,https://www.superbravo.com.do/pan-de-proteina/
PROMOS 2025,2025,PAN DE PROTEINA,https://www.superbravo.com.do/pan-de-proteina/
SOBRE BRAVO,No disponible,- - VEGETALES,https://www.superbravo.com.do/vegetales/
BRAVISIMO CLUB,No disponible,- - VEGETALES,https://www.superbravo.com.do/vegetales/
PRODUCTOS,No disponible,- - VEGETALES,https://www.superbravo.com.do/vegetales/
PAN DE PROTEINA,No disponible,- - VEGETALES,https://www.superbravo.com.do/vegetales/
BODEGA,No disponible,- - VEGETALES,https://www.superbravo.com.do/vegetales/
ARTESANAL,No disponible,- - VEGETALES,https://www.superbravo.com.do/vegetales/
PANES,No disponible,- - VEGETALES,https://www.superbravo.com.do/vegetales/
DIETAS ESPECIALES,No disponible,- - VEGETALES,https://www.superbravo.com.do/vegetales/
EXCLUSIVO,No disponible,- - VEGETALES,https://www.superbravo.com.do/vegetales/
ELABORACIÓN PROPIA,No disponible,- - VEGETALES,https://www.superbravo.com.do/vegetales/
RECETAS,No disponible,- - VEGETALES,https://www.superbravo.com.do/vegetales/
COMIDAS TÍPICAS,No disponible,- - VEGETALES,https://www.superbravo.com.do/vegetales/
CARNES,No disponible,- - VEGETALES,https://www.superbravo.com.do/vegetales/
MARISCOS,No disponible,- - VEGETALES,https://www.superbravo.com.do/vegetales/
PESCADO,No disponible,- - VEGETALES,https://www.superbravo.com.do/vegetales/
PASTAS,No disponible,- - VEGETALES,https://www.superbravo.com.do/vegetales/
SALADOS,No disponible,- - VEGETALES,https://www.superbravo.com.do/vegetales/
VEGETALES,No disponible,- - VEGETALES,https://www.superbravo.com.do/vegetales/
DULCES,No disponible,- - VEGETALES,https://www.superbravo.com.do/vegetales/
PROMOS 2025,2025,- - VEGETALES,https://www.superbravo.com.do/vegetales/
SOBRE BRAVO,No disponible,DULCES,https://www.superbravo.com.do/dulces/
BRAVISIMO CLUB,No disponible,DULCES,https://www.superbravo.com.do/dulces/
PRODUCTOS,No disponible,DULCES,https://www.superbravo.com.do/dulces/
PAN DE PROTEINA,No disponible,DULCES,https://www.superbravo.com.do/dulces/
BODEGA,No disponible,DULCES,https://www.superbravo.com.do/dulces/
ARTESANAL,No disponible,DULCES,https://www.superbravo.com.do/dulces/
PANES,No disponible,DULCES,https://www.superbravo.com.do/dulces/
DIETAS ESPECIALES,No disponible,DULCES,https://www.superbravo.com.do/dulces/
EXCLUSIVO,No disponible,DULCES,https://www.superbravo.com.do/dulces/
ELABORACIÓN PROPIA,No disponible,DULCES,https://www.superbravo.com.do/dulces/
RECETAS,No disponible,DULCES,https://www.superbravo.com.do/dulces/
COMIDAS TÍPICAS,No disponible,DULCES,https://www.superbravo.com.do/dulces/
CARNES,No disponible,DULCES,https://www.superbravo.com.do/dulces/
MARISCOS,No disponible,DULCES,https://www.superbravo.com.do/dulces/
PESCADO,No disponible,DULCES,https://www.superbravo.com.do/dulces/
PASTAS,No disponible,DULCES,https://www.superbravo.com.do/dulces/
SALADOS,No disponible,DULCES,https://www.superbravo.com.do/dulces/
VEGETALES,No disponible,DULCES,https://www.superbravo.com.do/dulces/
DULCES,No disponible,DULCES,https://www.superbravo.com.do/dulces/
PROMOS 2025,2025,DULCES,https://www.superbravo.com.do/dulces/
