nombre,precio,categoria
"Lo sentimos, pero esta página ya no está disponible",RD$ 0.00,Ver todos
Sirena,20250520.01,Ver todos
Loading...,2025,Ver todos
MADRES ALIMENTACION,2025,Ver todos
PRECIOS GARANTIZADOS,2026,Ver todos
RUTA DEL AHORRO,2025,Ver todos
googleplay,20250520.01,Ver todos
Grupo Ramos,4444,Ver todos
Categorías,RD$ 0.00,Nuestras Marcas
Sirena,20250520.01,Nuestras Marcas
Loading...,2025,Nuestras Marcas
MADRES ALIMENTACION,2025,Nuestras Marcas
PRECIOS GARANTIZADOS,2026,Nuestras Marcas
RUTA DEL AHORRO,2025,Nuestras Marcas
googleplay,20250520.01,Nuestras Marcas
Grupo Ramos,4444,Nuestras Marcas
Categorías,RD$ 0.00,Buenhorno
Sirena,20250520.01,Buenhorno
Loading...,2025,Buenhorno
MADRES ALIMENTACION,2025,Buenhorno
PRECIOS GARANTIZADOS,2026,Buenhorno
RUTA DEL AHORRO,2025,Buenhorno
googleplay,20250520.01,Buenhorno
Grupo Ramos,4444,Buenhorno
Categorías,RD$ 0.00,Del Artesano
Sirena,20250520.01,Del Artesano
Loading...,2025,Del Artesano
MADRES ALIMENTACION,2025,Del Artesano
PRECIOS GARANTIZADOS,2026,Del Artesano
RUTA DEL AHORRO,2025,Del Artesano
googleplay,20250520.01,Del Artesano
Grupo Ramos,4444,Del Artesano
Categorías,RD$ 0.00,Master Cut
Sirena,20250520.01,Master Cut
Loading...,2025,Master Cut
MADRES ALIMENTACION,2025,Master Cut
PRECIOS GARANTIZADOS,2026,Master Cut
RUTA DEL AHORRO,2025,Master Cut
googleplay,20250520.01,Master Cut
Grupo Ramos,4444,Master Cut
Categorías,RD$ 0.00,Wala
Sirena,20250520.01,Wala
Loading...,2025,Wala
MADRES ALIMENTACION,2025,Wala
PRECIOS GARANTIZADOS,2026,Wala
RUTA DEL AHORRO,2025,Wala
googleplay,20250520.01,Wala
Grupo Ramos,4444,Wala
Categorías,RD$ 0.00,Zerca
Sirena,20250520.01,Zerca
Loading...,2025,Zerca
MADRES ALIMENTACION,2025,Zerca
PRECIOS GARANTIZADOS,2026,Zerca
RUTA DEL AHORRO,2025,Zerca
googleplay,20250520.01,Zerca
Grupo Ramos,4444,Zerca
Categorías,RD$ 0.00,Alimentación
Sirena,20250520.01,Alimentación
Loading...,2025,Alimentación
MADRES ALIMENTACION,2025,Alimentación
PRECIOS GARANTIZADOS,2026,Alimentación
RUTA DEL AHORRO,2025,Alimentación
googleplay,20250520.01,Alimentación
Grupo Ramos,4444,Alimentación
Categorías,RD$ 0.00,Carnes
Sirena,20250520.01,Carnes
Loading...,2025,Carnes
MADRES ALIMENTACION,2025,Carnes
PRECIOS GARANTIZADOS,2026,Carnes
RUTA DEL AHORRO,2025,Carnes
googleplay,20250520.01,Carnes
Grupo Ramos,4444,Carnes
Categorías,RD$ 0.00,Congelados
Sirena,20250520.01,Congelados
Loading...,2025,Congelados
MADRES ALIMENTACION,2025,Congelados
PRECIOS GARANTIZADOS,2026,Congelados
RUTA DEL AHORRO,2025,Congelados
googleplay,20250520.01,Congelados
Grupo Ramos,4444,Congelados
Categorías,RD$ 0.00,Deli
Sirena,20250520.01,Deli
Loading...,2025,Deli
MADRES ALIMENTACION,2025,Deli
PRECIOS GARANTIZADOS,2026,Deli
RUTA DEL AHORRO,2025,Deli
googleplay,20250520.01,Deli
Grupo Ramos,4444,Deli
Categorías,RD$ 0.00,Despensa
Sirena,20250520.01,Despensa
Loading...,2025,Despensa
MADRES ALIMENTACION,2025,Despensa
PRECIOS GARANTIZADOS,2026,Despensa
RUTA DEL AHORRO,2025,Despensa
googleplay,20250520.01,Despensa
Grupo Ramos,4444,Despensa
Categorías,RD$ 0.00,Galletas y Dulces
Sirena,20250520.01,Galletas y Dulces
Loading...,2025,Galletas y Dulces
MADRES ALIMENTACION,2025,Galletas y Dulces
PRECIOS GARANTIZADOS,2026,Galletas y Dulces
RUTA DEL AHORRO,2025,Galletas y Dulces
googleplay,20250520.01,Galletas y Dulces
Grupo Ramos,4444,Galletas y Dulces
Categorías,RD$ 0.00,Lácteos y Huevos
Sirena,20250520.01,Lácteos y Huevos
Loading...,2025,Lácteos y Huevos
MADRES ALIMENTACION,2025,Lácteos y Huevos
PRECIOS GARANTIZADOS,2026,Lácteos y Huevos
RUTA DEL AHORRO,2025,Lácteos y Huevos
googleplay,20250520.01,Lácteos y Huevos
Grupo Ramos,4444,Lácteos y Huevos
Categorías,RD$ 0.00,Listos para Comer
Sirena,20250520.01,Listos para Comer
Loading...,2025,Listos para Comer
MADRES ALIMENTACION,2025,Listos para Comer
PRECIOS GARANTIZADOS,2026,Listos para Comer
RUTA DEL AHORRO,2025,Listos para Comer
googleplay,20250520.01,Listos para Comer
Grupo Ramos,4444,Listos para Comer
Categorías,RD$ 0.00,Panadería y Repostería
Sirena,20250520.01,Panadería y Repostería
Loading...,2025,Panadería y Repostería
MADRES ALIMENTACION,2025,Panadería y Repostería
PRECIOS GARANTIZADOS,2026,Panadería y Repostería
RUTA DEL AHORRO,2025,Panadería y Repostería
googleplay,20250520.01,Panadería y Repostería
Grupo Ramos,4444,Panadería y Repostería
Categorías,RD$ 0.00,Pescados y Mariscos
Sirena,20250520.01,Pescados y Mariscos
Loading...,2025,Pescados y Mariscos
MADRES ALIMENTACION,2025,Pescados y Mariscos
PRECIOS GARANTIZADOS,2026,Pescados y Mariscos
RUTA DEL AHORRO,2025,Pescados y Mariscos
googleplay,20250520.01,Pescados y Mariscos
Grupo Ramos,4444,Pescados y Mariscos
Categorías,RD$ 0.00,Picaderas
Sirena,20250520.01,Picaderas
Loading...,2025,Picaderas
MADRES ALIMENTACION,2025,Picaderas
PRECIOS GARANTIZADOS,2026,Picaderas
RUTA DEL AHORRO,2025,Picaderas
googleplay,20250520.01,Picaderas
Grupo Ramos,4444,Picaderas
Categorías,RD$ 0.00,Frutas y Vegetales
Sirena,20250520.01,Frutas y Vegetales
Loading...,2025,Frutas y Vegetales
MADRES ALIMENTACION,2025,Frutas y Vegetales
PRECIOS GARANTIZADOS,2026,Frutas y Vegetales
RUTA DEL AHORRO,2025,Frutas y Vegetales
googleplay,20250520.01,Frutas y Vegetales
Grupo Ramos,4444,Frutas y Vegetales
Categorías,RD$ 0.00,Frutas Congeladas
Sirena,20250520.01,Frutas Congeladas
Loading...,2025,Frutas Congeladas
MADRES ALIMENTACION,2025,Frutas Congeladas
PRECIOS GARANTIZADOS,2026,Frutas Congeladas
RUTA DEL AHORRO,2025,Frutas Congeladas
googleplay,20250520.01,Frutas Congeladas
Grupo Ramos,4444,Frutas Congeladas
Categorías,RD$ 0.00,Frutas Frescas
Sirena,20250520.01,Frutas Frescas
Loading...,2025,Frutas Frescas
MADRES ALIMENTACION,2025,Frutas Frescas
PRECIOS GARANTIZADOS,2026,Frutas Frescas
RUTA DEL AHORRO,2025,Frutas Frescas
googleplay,20250520.01,Frutas Frescas
Grupo Ramos,4444,Frutas Frescas
Categorías,RD$ 0.00,Vegetales Congelados
Sirena,20250520.01,Vegetales Congelados
Loading...,2025,Vegetales Congelados
MADRES ALIMENTACION,2025,Vegetales Congelados
PRECIOS GARANTIZADOS,2026,Vegetales Congelados
RUTA DEL AHORRO,2025,Vegetales Congelados
googleplay,20250520.01,Vegetales Congelados
Grupo Ramos,4444,Vegetales Congelados
Categorías,RD$ 0.00,Vegetales Frescos
Sirena,20250520.01,Vegetales Frescos
Loading...,2025,Vegetales Frescos
MADRES ALIMENTACION,2025,Vegetales Frescos
PRECIOS GARANTIZADOS,2026,Vegetales Frescos
RUTA DEL AHORRO,2025,Vegetales Frescos
googleplay,20250520.01,Vegetales Frescos
Grupo Ramos,4444,Vegetales Frescos
Categorías,RD$ 0.00,Bebidas
Sirena,20250520.01,Bebidas
Loading...,2025,Bebidas
MADRES ALIMENTACION,2025,Bebidas
PRECIOS GARANTIZADOS,2026,Bebidas
RUTA DEL AHORRO,2025,Bebidas
googleplay,20250520.01,Bebidas
Grupo Ramos,4444,Bebidas
Categorías,RD$ 0.00,Aguas
Sirena,20250520.01,Aguas
Loading...,2025,Aguas
MADRES ALIMENTACION,2025,Aguas
PRECIOS GARANTIZADOS,2026,Aguas
RUTA DEL AHORRO,2025,Aguas
googleplay,20250520.01,Aguas
Grupo Ramos,4444,Aguas
Categorías,RD$ 0.00,Cervezas
Sirena,20250520.01,Cervezas
Loading...,2025,Cervezas
MADRES ALIMENTACION,2025,Cervezas
PRECIOS GARANTIZADOS,2026,Cervezas
RUTA DEL AHORRO,2025,Cervezas
googleplay,20250520.01,Cervezas
Grupo Ramos,4444,Cervezas
Categorías,RD$ 0.00,Hidratantes
Sirena,20250520.01,Hidratantes
Loading...,2025,Hidratantes
MADRES ALIMENTACION,2025,Hidratantes
PRECIOS GARANTIZADOS,2026,Hidratantes
RUTA DEL AHORRO,2025,Hidratantes
googleplay,20250520.01,Hidratantes
Grupo Ramos,4444,Hidratantes
Categorías,RD$ 0.00,Jugos
Sirena,20250520.01,Jugos
Loading...,2025,Jugos
MADRES ALIMENTACION,2025,Jugos
PRECIOS GARANTIZADOS,2026,Jugos
RUTA DEL AHORRO,2025,Jugos
googleplay,20250520.01,Jugos
Grupo Ramos,4444,Jugos
Categorías,RD$ 0.00,Licores
Sirena,20250520.01,Licores
Loading...,2025,Licores
MADRES ALIMENTACION,2025,Licores
PRECIOS GARANTIZADOS,2026,Licores
RUTA DEL AHORRO,2025,Licores
googleplay,20250520.01,Licores
Grupo Ramos,4444,Licores
Categorías,RD$ 0.00,Maltas
Sirena,20250520.01,Maltas
Loading...,2025,Maltas
MADRES ALIMENTACION,2025,Maltas
PRECIOS GARANTIZADOS,2026,Maltas
RUTA DEL AHORRO,2025,Maltas
googleplay,20250520.01,Maltas
Grupo Ramos,4444,Maltas
Categorías,RD$ 0.00,Refrescos y Energizantes
Sirena,20250520.01,Refrescos y Energizantes
Loading...,2025,Refrescos y Energizantes
MADRES ALIMENTACION,2025,Refrescos y Energizantes
PRECIOS GARANTIZADOS,2026,Refrescos y Energizantes
RUTA DEL AHORRO,2025,Refrescos y Energizantes
googleplay,20250520.01,Refrescos y Energizantes
Grupo Ramos,4444,Refrescos y Energizantes
Categorías,RD$ 0.00,Suplementos y Proteínas
Sirena,20250520.01,Suplementos y Proteínas
Loading...,2025,Suplementos y Proteínas
MADRES ALIMENTACION,2025,Suplementos y Proteínas
PRECIOS GARANTIZADOS,2026,Suplementos y Proteínas
RUTA DEL AHORRO,2025,Suplementos y Proteínas
googleplay,20250520.01,Suplementos y Proteínas
Grupo Ramos,4444,Suplementos y Proteínas
Categorías,RD$ 0.00,Vinos y espumantes
Sirena,20250520.01,Vinos y espumantes
Loading...,2025,Vinos y espumantes
MADRES ALIMENTACION,2025,Vinos y espumantes
PRECIOS GARANTIZADOS,2026,Vinos y espumantes
RUTA DEL AHORRO,2025,Vinos y espumantes
googleplay,20250520.01,Vinos y espumantes
Grupo Ramos,4444,Vinos y espumantes
Categorías,RD$ 0.00,Salud & Bienestar
Sirena,20250520.01,Salud & Bienestar
Loading...,2025,Salud & Bienestar
MADRES ALIMENTACION,2025,Salud & Bienestar
PRECIOS GARANTIZADOS,2026,Salud & Bienestar
RUTA DEL AHORRO,2025,Salud & Bienestar
googleplay,20250520.01,Salud & Bienestar
Grupo Ramos,4444,Salud & Bienestar
Categorías,RD$ 0.00,Bebidas y suplementos
Sirena,20250520.01,Bebidas y suplementos
Loading...,2025,Bebidas y suplementos
MADRES ALIMENTACION,2025,Bebidas y suplementos
PRECIOS GARANTIZADOS,2026,Bebidas y suplementos
RUTA DEL AHORRO,2025,Bebidas y suplementos
googleplay,20250520.01,Bebidas y suplementos
Grupo Ramos,4444,Bebidas y suplementos
Categorías,RD$ 0.00,Culinario
Sirena,20250520.01,Culinario
Loading...,2025,Culinario
MADRES ALIMENTACION,2025,Culinario
PRECIOS GARANTIZADOS,2026,Culinario
RUTA DEL AHORRO,2025,Culinario
googleplay,20250520.01,Culinario
Grupo Ramos,4444,Culinario
Categorías,RD$ 0.00,Endulzantes
Sirena,20250520.01,Endulzantes
Loading...,2025,Endulzantes
MADRES ALIMENTACION,2025,Endulzantes
PRECIOS GARANTIZADOS,2026,Endulzantes
RUTA DEL AHORRO,2025,Endulzantes
googleplay,20250520.01,Endulzantes
Grupo Ramos,4444,Endulzantes
Categorías,RD$ 0.00,"Galletas, Postres y Untables"
Sirena,20250520.01,"Galletas, Postres y Untables"
Loading...,2025,"Galletas, Postres y Untables"
MADRES ALIMENTACION,2025,"Galletas, Postres y Untables"
PRECIOS GARANTIZADOS,2026,"Galletas, Postres y Untables"
RUTA DEL AHORRO,2025,"Galletas, Postres y Untables"
googleplay,20250520.01,"Galletas, Postres y Untables"
Grupo Ramos,4444,"Galletas, Postres y Untables"
Categorías,RD$ 0.00,"Harinas, Cereales y Premezclas"
Sirena,20250520.01,"Harinas, Cereales y Premezclas"
Loading...,2025,"Harinas, Cereales y Premezclas"
MADRES ALIMENTACION,2025,"Harinas, Cereales y Premezclas"
PRECIOS GARANTIZADOS,2026,"Harinas, Cereales y Premezclas"
RUTA DEL AHORRO,2025,"Harinas, Cereales y Premezclas"
googleplay,20250520.01,"Harinas, Cereales y Premezclas"
Grupo Ramos,4444,"Harinas, Cereales y Premezclas"
Categorías,RD$ 0.00,Leches y Deslactosados
Sirena,20250520.01,Leches y Deslactosados
Loading...,2025,Leches y Deslactosados
MADRES ALIMENTACION,2025,Leches y Deslactosados
PRECIOS GARANTIZADOS,2026,Leches y Deslactosados
RUTA DEL AHORRO,2025,Leches y Deslactosados
googleplay,20250520.01,Leches y Deslactosados
Grupo Ramos,4444,Leches y Deslactosados
Categorías,RD$ 0.00,Libre de Azúcar
Sirena,20250520.01,Libre de Azúcar
Loading...,2025,Libre de Azúcar
MADRES ALIMENTACION,2025,Libre de Azúcar
PRECIOS GARANTIZADOS,2026,Libre de Azúcar
RUTA DEL AHORRO,2025,Libre de Azúcar
googleplay,20250520.01,Libre de Azúcar
Grupo Ramos,4444,Libre de Azúcar
Categorías,RD$ 0.00,Libre de Gluten
Sirena,20250520.01,Libre de Gluten
Loading...,2025,Libre de Gluten
MADRES ALIMENTACION,2025,Libre de Gluten
PRECIOS GARANTIZADOS,2026,Libre de Gluten
RUTA DEL AHORRO,2025,Libre de Gluten
googleplay,20250520.01,Libre de Gluten
Grupo Ramos,4444,Libre de Gluten
Categorías,RD$ 0.00,Cuidado Personal y Belleza
Sirena,20250520.01,Cuidado Personal y Belleza
Loading...,2025,Cuidado Personal y Belleza
MADRES ALIMENTACION,2025,Cuidado Personal y Belleza
PRECIOS GARANTIZADOS,2026,Cuidado Personal y Belleza
RUTA DEL AHORRO,2025,Cuidado Personal y Belleza
googleplay,20250520.01,Cuidado Personal y Belleza
Grupo Ramos,4444,Cuidado Personal y Belleza
Categorías,RD$ 0.00,Belleza
Sirena,20250520.01,Belleza
Loading...,2025,Belleza
MADRES ALIMENTACION,2025,Belleza
PRECIOS GARANTIZADOS,2026,Belleza
RUTA DEL AHORRO,2025,Belleza
googleplay,20250520.01,Belleza
Grupo Ramos,4444,Belleza
Categorías,RD$ 0.00,Cuidado para el Cabello
Sirena,20250520.01,Cuidado para el Cabello
Loading...,2025,Cuidado para el Cabello
MADRES ALIMENTACION,2025,Cuidado para el Cabello
PRECIOS GARANTIZADOS,2026,Cuidado para el Cabello
RUTA DEL AHORRO,2025,Cuidado para el Cabello
googleplay,20250520.01,Cuidado para el Cabello
Grupo Ramos,4444,Cuidado para el Cabello
Categorías,RD$ 0.00,Cuidado para la Piel
Sirena,20250520.01,Cuidado para la Piel
Loading...,2025,Cuidado para la Piel
MADRES ALIMENTACION,2025,Cuidado para la Piel
PRECIOS GARANTIZADOS,2026,Cuidado para la Piel
RUTA DEL AHORRO,2025,Cuidado para la Piel
googleplay,20250520.01,Cuidado para la Piel
Grupo Ramos,4444,Cuidado para la Piel
Categorías,RD$ 0.00,Cuidado Personal
Sirena,20250520.01,Cuidado Personal
Loading...,2025,Cuidado Personal
MADRES ALIMENTACION,2025,Cuidado Personal
PRECIOS GARANTIZADOS,2026,Cuidado Personal
RUTA DEL AHORRO,2025,Cuidado Personal
googleplay,20250520.01,Cuidado Personal
Grupo Ramos,4444,Cuidado Personal
Categorías,RD$ 0.00,Farmacia
Sirena,20250520.01,Farmacia
Loading...,2025,Farmacia
MADRES ALIMENTACION,2025,Farmacia
PRECIOS GARANTIZADOS,2026,Farmacia
RUTA DEL AHORRO,2025,Farmacia
googleplay,20250520.01,Farmacia
Grupo Ramos,4444,Farmacia
Categorías,RD$ 0.00,Limpieza
Sirena,20250520.01,Limpieza
Loading...,2025,Limpieza
MADRES ALIMENTACION,2025,Limpieza
PRECIOS GARANTIZADOS,2026,Limpieza
RUTA DEL AHORRO,2025,Limpieza
googleplay,20250520.01,Limpieza
Grupo Ramos,4444,Limpieza
Categorías,RD$ 0.00,Cuidado de la Ropa
Sirena,20250520.01,Cuidado de la Ropa
Loading...,2025,Cuidado de la Ropa
MADRES ALIMENTACION,2025,Cuidado de la Ropa
PRECIOS GARANTIZADOS,2026,Cuidado de la Ropa
RUTA DEL AHORRO,2025,Cuidado de la Ropa
googleplay,20250520.01,Cuidado de la Ropa
Grupo Ramos,4444,Cuidado de la Ropa
Categorías,RD$ 0.00,Desechables
Sirena,20250520.01,Desechables
Loading...,2025,Desechables
MADRES ALIMENTACION,2025,Desechables
PRECIOS GARANTIZADOS,2026,Desechables
RUTA DEL AHORRO,2025,Desechables
googleplay,20250520.01,Desechables
Grupo Ramos,4444,Desechables
Categorías,RD$ 0.00,Limpieza del Hogar
Sirena,20250520.01,Limpieza del Hogar
Loading...,2025,Limpieza del Hogar
MADRES ALIMENTACION,2025,Limpieza del Hogar
PRECIOS GARANTIZADOS,2026,Limpieza del Hogar
RUTA DEL AHORRO,2025,Limpieza del Hogar
googleplay,20250520.01,Limpieza del Hogar
Grupo Ramos,4444,Limpieza del Hogar
Categorías,RD$ 0.00,Mascotas
Sirena,20250520.01,Mascotas
Loading...,2025,Mascotas
MADRES ALIMENTACION,2025,Mascotas
PRECIOS GARANTIZADOS,2026,Mascotas
RUTA DEL AHORRO,2025,Mascotas
googleplay,20250520.01,Mascotas
Grupo Ramos,4444,Mascotas
Categorías,RD$ 0.00,Plaguicidas
Sirena,20250520.01,Plaguicidas
Loading...,2025,Plaguicidas
MADRES ALIMENTACION,2025,Plaguicidas
PRECIOS GARANTIZADOS,2026,Plaguicidas
RUTA DEL AHORRO,2025,Plaguicidas
googleplay,20250520.01,Plaguicidas
Grupo Ramos,4444,Plaguicidas
Categorías,RD$ 0.00,Bebés
Sirena,20250520.01,Bebés
Loading...,2025,Bebés
MADRES ALIMENTACION,2025,Bebés
PRECIOS GARANTIZADOS,2026,Bebés
RUTA DEL AHORRO,2025,Bebés
googleplay,20250520.01,Bebés
Grupo Ramos,4444,Bebés
Categorías,RD$ 0.00,Alimentos
Sirena,20250520.01,Alimentos
Loading...,2025,Alimentos
MADRES ALIMENTACION,2025,Alimentos
PRECIOS GARANTIZADOS,2026,Alimentos
RUTA DEL AHORRO,2025,Alimentos
googleplay,20250520.01,Alimentos
Grupo Ramos,4444,Alimentos
Categorías,RD$ 0.00,Accesorios
Sirena,20250520.01,Accesorios
Loading...,2025,Accesorios
MADRES ALIMENTACION,2025,Accesorios
PRECIOS GARANTIZADOS,2026,Accesorios
RUTA DEL AHORRO,2025,Accesorios
googleplay,20250520.01,Accesorios
Grupo Ramos,4444,Accesorios
Categorías,RD$ 0.00,Cuidado de Ropa
Sirena,20250520.01,Cuidado de Ropa
Loading...,2025,Cuidado de Ropa
MADRES ALIMENTACION,2025,Cuidado de Ropa
PRECIOS GARANTIZADOS,2026,Cuidado de Ropa
RUTA DEL AHORRO,2025,Cuidado de Ropa
googleplay,20250520.01,Cuidado de Ropa
Grupo Ramos,4444,Cuidado de Ropa
Categorías,RD$ 0.00,Fórmulas Infantiles
Sirena,20250520.01,Fórmulas Infantiles
Loading...,2025,Fórmulas Infantiles
MADRES ALIMENTACION,2025,Fórmulas Infantiles
PRECIOS GARANTIZADOS,2026,Fórmulas Infantiles
RUTA DEL AHORRO,2025,Fórmulas Infantiles
googleplay,20250520.01,Fórmulas Infantiles
Grupo Ramos,4444,Fórmulas Infantiles
Categorías,RD$ 0.00,Higiene
Sirena,20250520.01,Higiene
Loading...,2025,Higiene
MADRES ALIMENTACION,2025,Higiene
PRECIOS GARANTIZADOS,2026,Higiene
RUTA DEL AHORRO,2025,Higiene
googleplay,20250520.01,Higiene
Grupo Ramos,4444,Higiene
Categorías,RD$ 0.00,Juguetes de Primera Infancia
Sirena,20250520.01,Juguetes de Primera Infancia
Loading...,2025,Juguetes de Primera Infancia
MADRES ALIMENTACION,2025,Juguetes de Primera Infancia
PRECIOS GARANTIZADOS,2026,Juguetes de Primera Infancia
RUTA DEL AHORRO,2025,Juguetes de Primera Infancia
googleplay,20250520.01,Juguetes de Primera Infancia
Grupo Ramos,4444,Juguetes de Primera Infancia
Categorías,RD$ 0.00,Pañales
Sirena,20250520.01,Pañales
Loading...,2025,Pañales
MADRES ALIMENTACION,2025,Pañales
PRECIOS GARANTIZADOS,2026,Pañales
RUTA DEL AHORRO,2025,Pañales
googleplay,20250520.01,Pañales
Grupo Ramos,4444,Pañales
Categorías,RD$ 0.00,Hogar y Electrodomésticos
Sirena,20250520.01,Hogar y Electrodomésticos
Loading...,2025,Hogar y Electrodomésticos
MADRES ALIMENTACION,2025,Hogar y Electrodomésticos
PRECIOS GARANTIZADOS,2026,Hogar y Electrodomésticos
RUTA DEL AHORRO,2025,Hogar y Electrodomésticos
googleplay,20250520.01,Hogar y Electrodomésticos
Grupo Ramos,4444,Hogar y Electrodomésticos
Categorías,RD$ 0.00,Aires Acondicionados y Abanicos
Sirena,20250520.01,Aires Acondicionados y Abanicos
Loading...,2025,Aires Acondicionados y Abanicos
MADRES ALIMENTACION,2025,Aires Acondicionados y Abanicos
PRECIOS GARANTIZADOS,2026,Aires Acondicionados y Abanicos
RUTA DEL AHORRO,2025,Aires Acondicionados y Abanicos
googleplay,20250520.01,Aires Acondicionados y Abanicos
Grupo Ramos,4444,Aires Acondicionados y Abanicos
Categorías,RD$ 0.00,"Audio, Televisión y Tecnología"
Sirena,20250520.01,"Audio, Televisión y Tecnología"
Loading...,2025,"Audio, Televisión y Tecnología"
MADRES ALIMENTACION,2025,"Audio, Televisión y Tecnología"
PRECIOS GARANTIZADOS,2026,"Audio, Televisión y Tecnología"
RUTA DEL AHORRO,2025,"Audio, Televisión y Tecnología"
googleplay,20250520.01,"Audio, Televisión y Tecnología"
Grupo Ramos,4444,"Audio, Televisión y Tecnología"
Categorías,RD$ 0.00,Electrodomésticos de Cocina
Sirena,20250520.01,Electrodomésticos de Cocina
Loading...,2025,Electrodomésticos de Cocina
MADRES ALIMENTACION,2025,Electrodomésticos de Cocina
PRECIOS GARANTIZADOS,2026,Electrodomésticos de Cocina
RUTA DEL AHORRO,2025,Electrodomésticos de Cocina
googleplay,20250520.01,Electrodomésticos de Cocina
Grupo Ramos,4444,Electrodomésticos de Cocina
Categorías,RD$ 0.00,Electrodomésticos Pequeños
Sirena,20250520.01,Electrodomésticos Pequeños
Loading...,2025,Electrodomésticos Pequeños
MADRES ALIMENTACION,2025,Electrodomésticos Pequeños
PRECIOS GARANTIZADOS,2026,Electrodomésticos Pequeños
RUTA DEL AHORRO,2025,Electrodomésticos Pequeños
googleplay,20250520.01,Electrodomésticos Pequeños
Grupo Ramos,4444,Electrodomésticos Pequeños
Categorías,RD$ 0.00,Escolares Y Oficina
Sirena,20250520.01,Escolares Y Oficina
Loading...,2025,Escolares Y Oficina
MADRES ALIMENTACION,2025,Escolares Y Oficina
PRECIOS GARANTIZADOS,2026,Escolares Y Oficina
RUTA DEL AHORRO,2025,Escolares Y Oficina
googleplay,20250520.01,Escolares Y Oficina
Grupo Ramos,4444,Escolares Y Oficina
Categorías,RD$ 0.00,Ferretería y Jardinería
Sirena,20250520.01,Ferretería y Jardinería
Loading...,2025,Ferretería y Jardinería
MADRES ALIMENTACION,2025,Ferretería y Jardinería
PRECIOS GARANTIZADOS,2026,Ferretería y Jardinería
RUTA DEL AHORRO,2025,Ferretería y Jardinería
googleplay,20250520.01,Ferretería y Jardinería
Grupo Ramos,4444,Ferretería y Jardinería
Categorías,RD$ 0.00,Lavado y Secado
Sirena,20250520.01,Lavado y Secado
Loading...,2025,Lavado y Secado
MADRES ALIMENTACION,2025,Lavado y Secado
PRECIOS GARANTIZADOS,2026,Lavado y Secado
RUTA DEL AHORRO,2025,Lavado y Secado
googleplay,20250520.01,Lavado y Secado
Grupo Ramos,4444,Lavado y Secado
Categorías,RD$ 0.00,Mesa y cocina
Sirena,20250520.01,Mesa y cocina
Loading...,2025,Mesa y cocina
MADRES ALIMENTACION,2025,Mesa y cocina
PRECIOS GARANTIZADOS,2026,Mesa y cocina
RUTA DEL AHORRO,2025,Mesa y cocina
googleplay,20250520.01,Mesa y cocina
Grupo Ramos,4444,Mesa y cocina
Categorías,RD$ 0.00,Organización y Decoración
Sirena,20250520.01,Organización y Decoración
Loading...,2025,Organización y Decoración
MADRES ALIMENTACION,2025,Organización y Decoración
PRECIOS GARANTIZADOS,2026,Organización y Decoración
RUTA DEL AHORRO,2025,Organización y Decoración
googleplay,20250520.01,Organización y Decoración
Grupo Ramos,4444,Organización y Decoración
Categorías,RD$ 0.00,Recreación
Sirena,20250520.01,Recreación
Loading...,2025,Recreación
MADRES ALIMENTACION,2025,Recreación
PRECIOS GARANTIZADOS,2026,Recreación
RUTA DEL AHORRO,2025,Recreación
googleplay,20250520.01,Recreación
Grupo Ramos,4444,Recreación
Categorías,RD$ 0.00,Ropa
Sirena,20250520.01,Ropa
Loading...,2025,Ropa
MADRES ALIMENTACION,2025,Ropa
PRECIOS GARANTIZADOS,2026,Ropa
RUTA DEL AHORRO,2025,Ropa
googleplay,20250520.01,Ropa
Grupo Ramos,4444,Ropa
Categorías,RD$ 0.00,Interiores Hombre
Sirena,20250520.01,Interiores Hombre
Loading...,2025,Interiores Hombre
MADRES ALIMENTACION,2025,Interiores Hombre
PRECIOS GARANTIZADOS,2026,Interiores Hombre
RUTA DEL AHORRO,2025,Interiores Hombre
googleplay,20250520.01,Interiores Hombre
Grupo Ramos,4444,Interiores Hombre
Categorías,RD$ 0.00,Especiales
Sirena,20250520.01,Especiales
Loading...,2025,Especiales
MADRES ALIMENTACION,2025,Especiales
PRECIOS GARANTIZADOS,2026,Especiales
RUTA DEL AHORRO,2025,Especiales
googleplay,20250520.01,Especiales
Grupo Ramos,4444,Especiales
Categorías,RD$ 0.00,Mis favoritos
Sirena,20250520.01,Mis favoritos
Loading...,2025,Mis favoritos
MADRES ALIMENTACION,2025,Mis favoritos
PRECIOS GARANTIZADOS,2026,Mis favoritos
RUTA DEL AHORRO,2025,Mis favoritos
googleplay,20250520.01,Mis favoritos
Grupo Ramos,4444,Mis favoritos
Sirena,RD$ 0.00,Mis Listas
Loading...,2025,Mis Listas
MADRES ALIMENTACION,2025,Mis Listas
PRECIOS GARANTIZADOS,2026,Mis Listas
RUTA DEL AHORRO,2025,Mis Listas
googleplay,20250520.01,Mis Listas
Grupo Ramos,4444,Mis Listas
Categorías,RD$ 0.00,jugo rica 100% naranja sin azúcar 59 oz (1/2 gl)
Sirena,20250520.01,jugo rica 100% naranja sin azúcar 59 oz (1/2 gl)
Loading...,2025,jugo rica 100% naranja sin azúcar 59 oz (1/2 gl)
MADRES ALIMENTACION,2025,jugo rica 100% naranja sin azúcar 59 oz (1/2 gl)
PRECIOS GARANTIZADOS,2026,jugo rica 100% naranja sin azúcar 59 oz (1/2 gl)
RUTA DEL AHORRO,2025,jugo rica 100% naranja sin azúcar 59 oz (1/2 gl)
jugo rica 100% naranja sin azúcar 59 oz (1/2 gl),$257.00,jugo rica 100% naranja sin azúcar 59 oz (1/2 gl)
googleplay,20250520.01,jugo rica 100% naranja sin azúcar 59 oz (1/2 gl)
Grupo Ramos,4444,jugo rica 100% naranja sin azúcar 59 oz (1/2 gl)
Categorías,RD$ 0.00,caldo de gallina doña gallina 12 uds
Sirena,20250520.01,caldo de gallina doña gallina 12 uds
Loading...,2025,caldo de gallina doña gallina 12 uds
MADRES ALIMENTACION,2025,caldo de gallina doña gallina 12 uds
PRECIOS GARANTIZADOS,2026,caldo de gallina doña gallina 12 uds
RUTA DEL AHORRO,2025,caldo de gallina doña gallina 12 uds
caldo de gallina doña gallina 12 uds,$106.00,caldo de gallina doña gallina 12 uds
googleplay,20250520.01,caldo de gallina doña gallina 12 uds
Grupo Ramos,4444,caldo de gallina doña gallina 12 uds
Categorías,RD$ 0.00,café santo domingo molido 1/2 lb
Sirena,20250520.01,café santo domingo molido 1/2 lb
Loading...,2025,café santo domingo molido 1/2 lb
MADRES ALIMENTACION,2025,café santo domingo molido 1/2 lb
PRECIOS GARANTIZADOS,2026,café santo domingo molido 1/2 lb
RUTA DEL AHORRO,2025,café santo domingo molido 1/2 lb
café santo domingo molido 1/2 lb,$175.00,café santo domingo molido 1/2 lb
googleplay,20250520.01,café santo domingo molido 1/2 lb
Grupo Ramos,4444,café santo domingo molido 1/2 lb
Categorías,RD$ 0.00,salami induveca super especial 1.47 Lb
Sirena,20250520.01,salami induveca super especial 1.47 Lb
Loading...,2025,salami induveca super especial 1.47 Lb
MADRES ALIMENTACION,2025,salami induveca super especial 1.47 Lb
PRECIOS GARANTIZADOS,2026,salami induveca super especial 1.47 Lb
RUTA DEL AHORRO,2025,salami induveca super especial 1.47 Lb
salami induveca super especial 1.47 Lb,$213.00,salami induveca super especial 1.47 Lb
googleplay,20250520.01,salami induveca super especial 1.47 Lb
Grupo Ramos,4444,salami induveca super especial 1.47 Lb
Categorías,RD$ 0.00,aceite crisol canola mas 64 oz
Sirena,20250520.01,aceite crisol canola mas 64 oz
Loading...,2025,aceite crisol canola mas 64 oz
MADRES ALIMENTACION,2025,aceite crisol canola mas 64 oz
PRECIOS GARANTIZADOS,2026,aceite crisol canola mas 64 oz
RUTA DEL AHORRO,2025,aceite crisol canola mas 64 oz
aceite crisol canola mas 64 oz,$422.00,aceite crisol canola mas 64 oz
googleplay,20250520.01,aceite crisol canola mas 64 oz
Grupo Ramos,4444,aceite crisol canola mas 64 oz
Categorías,RD$ 0.00,mayonesa baldom 16 oz
Sirena,20250520.01,mayonesa baldom 16 oz
Loading...,2025,mayonesa baldom 16 oz
MADRES ALIMENTACION,2025,mayonesa baldom 16 oz
PRECIOS GARANTIZADOS,2026,mayonesa baldom 16 oz
RUTA DEL AHORRO,2025,mayonesa baldom 16 oz
mayonesa baldom 16 oz,$158.00,mayonesa baldom 16 oz
googleplay,20250520.01,mayonesa baldom 16 oz
Grupo Ramos,4444,mayonesa baldom 16 oz
Categorías,RD$ 0.00,galletas de soda hatuey regular 20 unds
Sirena,20250520.01,galletas de soda hatuey regular 20 unds
Loading...,2025,galletas de soda hatuey regular 20 unds
MADRES ALIMENTACION,2025,galletas de soda hatuey regular 20 unds
PRECIOS GARANTIZADOS,2026,galletas de soda hatuey regular 20 unds
RUTA DEL AHORRO,2025,galletas de soda hatuey regular 20 unds
galletas de soda hatuey regular 20 unds,$165.00,galletas de soda hatuey regular 20 unds
googleplay,20250520.01,galletas de soda hatuey regular 20 unds
Grupo Ramos,4444,galletas de soda hatuey regular 20 unds
Categorías,RD$ 0.00,queso de freir yokesso induveca lb
Sirena,20250520.01,queso de freir yokesso induveca lb
Loading...,2025,queso de freir yokesso induveca lb
MADRES ALIMENTACION,2025,queso de freir yokesso induveca lb
PRECIOS GARANTIZADOS,2026,queso de freir yokesso induveca lb
RUTA DEL AHORRO,2025,queso de freir yokesso induveca lb
queso de freir yokesso induveca lb,$260.00,queso de freir yokesso induveca lb
googleplay,20250520.01,queso de freir yokesso induveca lb
Grupo Ramos,4444,queso de freir yokesso induveca lb
Categorías,RD$ 0.00,salchicha emilios jumbo hot dog original 8/1
Sirena,20250520.01,salchicha emilios jumbo hot dog original 8/1
Loading...,2025,salchicha emilios jumbo hot dog original 8/1
MADRES ALIMENTACION,2025,salchicha emilios jumbo hot dog original 8/1
PRECIOS GARANTIZADOS,2026,salchicha emilios jumbo hot dog original 8/1
RUTA DEL AHORRO,2025,salchicha emilios jumbo hot dog original 8/1
salchicha emilios jumbo hot dog original 8/1,$195.00,salchicha emilios jumbo hot dog original 8/1
googleplay,20250520.01,salchicha emilios jumbo hot dog original 8/1
Grupo Ramos,4444,salchicha emilios jumbo hot dog original 8/1
Categorías,RD$ 0.00,Aceite Crisol Soya 64 Oz
Sirena,20250520.01,Aceite Crisol Soya 64 Oz
Loading...,2025,Aceite Crisol Soya 64 Oz
MADRES ALIMENTACION,2025,Aceite Crisol Soya 64 Oz
PRECIOS GARANTIZADOS,2026,Aceite Crisol Soya 64 Oz
RUTA DEL AHORRO,2025,Aceite Crisol Soya 64 Oz
Aceite Crisol Soya 64 Oz,$414.00,Aceite Crisol Soya 64 Oz
googleplay,20250520.01,Aceite Crisol Soya 64 Oz
Grupo Ramos,4444,Aceite Crisol Soya 64 Oz
Categorías,RD$ 0.00,harina de maíz mazorca 14 oz
Sirena,20250520.01,harina de maíz mazorca 14 oz
Loading...,2025,harina de maíz mazorca 14 oz
MADRES ALIMENTACION,2025,harina de maíz mazorca 14 oz
PRECIOS GARANTIZADOS,2026,harina de maíz mazorca 14 oz
RUTA DEL AHORRO,2025,harina de maíz mazorca 14 oz
harina de maíz mazorca 14 oz,$24.00,harina de maíz mazorca 14 oz
googleplay,20250520.01,harina de maíz mazorca 14 oz
Grupo Ramos,4444,harina de maíz mazorca 14 oz
Categorías,RD$ 0.00,GOTERO CRECIMIENTO HAIR PLUS 4 OZ
Sirena,20250520.01,GOTERO CRECIMIENTO HAIR PLUS 4 OZ
Loading...,2025,GOTERO CRECIMIENTO HAIR PLUS 4 OZ
MADRES ALIMENTACION,2025,GOTERO CRECIMIENTO HAIR PLUS 4 OZ
PRECIOS GARANTIZADOS,2026,GOTERO CRECIMIENTO HAIR PLUS 4 OZ
RUTA DEL AHORRO,2025,GOTERO CRECIMIENTO HAIR PLUS 4 OZ
GOTERO CRECIMIENTO HAIR PLUS 4 OZ,$875.00,GOTERO CRECIMIENTO HAIR PLUS 4 OZ
googleplay,20250520.01,GOTERO CRECIMIENTO HAIR PLUS 4 OZ
Grupo Ramos,4444,GOTERO CRECIMIENTO HAIR PLUS 4 OZ
Categorías,RD$ 0.00,Papel Higiénico Familia Con +Aroma Grande x 12 Rollos
Sirena,20250520.01,Papel Higiénico Familia Con +Aroma Grande x 12 Rollos
Loading...,2025,Papel Higiénico Familia Con +Aroma Grande x 12 Rollos
MADRES ALIMENTACION,2025,Papel Higiénico Familia Con +Aroma Grande x 12 Rollos
PRECIOS GARANTIZADOS,2026,Papel Higiénico Familia Con +Aroma Grande x 12 Rollos
RUTA DEL AHORRO,2025,Papel Higiénico Familia Con +Aroma Grande x 12 Rollos
Papel Higiénico Familia Con +Aroma Grande x 12 Rollos,$400.00,Papel Higiénico Familia Con +Aroma Grande x 12 Rollos
googleplay,20250520.01,Papel Higiénico Familia Con +Aroma Grande x 12 Rollos
Grupo Ramos,4444,Papel Higiénico Familia Con +Aroma Grande x 12 Rollos
Categorías,RD$ 0.00,MASCARILLA NUTRITIVA GINGER MILK BE GENEROUS 17 OZ
Sirena,20250520.01,MASCARILLA NUTRITIVA GINGER MILK BE GENEROUS 17 OZ
Loading...,2025,MASCARILLA NUTRITIVA GINGER MILK BE GENEROUS 17 OZ
MADRES ALIMENTACION,2025,MASCARILLA NUTRITIVA GINGER MILK BE GENEROUS 17 OZ
PRECIOS GARANTIZADOS,2026,MASCARILLA NUTRITIVA GINGER MILK BE GENEROUS 17 OZ
RUTA DEL AHORRO,2025,MASCARILLA NUTRITIVA GINGER MILK BE GENEROUS 17 OZ
MASCARILLA NUTRITIVA GINGER MILK BE GENEROUS 17 OZ,"$1,000.00",MASCARILLA NUTRITIVA GINGER MILK BE GENEROUS 17 OZ
googleplay,20250520.01,MASCARILLA NUTRITIVA GINGER MILK BE GENEROUS 17 OZ
Grupo Ramos,4444,MASCARILLA NUTRITIVA GINGER MILK BE GENEROUS 17 OZ
Categorías,RD$ 0.00,Papel Higiénico Scott Jumbo 12/1
Sirena,20250520.01,Papel Higiénico Scott Jumbo 12/1
Loading...,2025,Papel Higiénico Scott Jumbo 12/1
MADRES ALIMENTACION,2025,Papel Higiénico Scott Jumbo 12/1
PRECIOS GARANTIZADOS,2026,Papel Higiénico Scott Jumbo 12/1
RUTA DEL AHORRO,2025,Papel Higiénico Scott Jumbo 12/1
Papel Higiénico Scott Jumbo 12/1,$370.00,Papel Higiénico Scott Jumbo 12/1
googleplay,20250520.01,Papel Higiénico Scott Jumbo 12/1
Grupo Ramos,4444,Papel Higiénico Scott Jumbo 12/1
